age,name,party,SIDO_SGG,member_id,gender
20,강길부,무소속,울산 울주,XQ98168F,남
20,강병원,더불어민주당,서울 은평을,60490713,남
20,강석진,미래통합당,경남 산청함양거창합천,IH436704,남
20,강석호,미래통합당,경북 영양군영덕군봉화군울진군,8I61593E,남
20,강창일,더불어민주당,제주 제주갑,TOU1222X,남
20,강효상,미래통합당,비례대표,9WQ7845Z,남
20,강훈식,더불어민주당,충남 아산을,TRE2429O,남
20,경대수,미래통합당,충북 증평진천음성,23D73143,남
20,고용진,더불어민주당,서울 노원갑,6V37131U,남
20,곽대훈,무소속,대구 달서갑,Q6A9034Q,남
20,곽상도,새누리당,대구 중구남구,MHK9919B,남
20,권미혁,더불어민주당,비례대표,RH454994,여
20,권석창,자유한국당,충북 제천단양,O149331C,남
20,권성동,새누리당,강원 강릉,GDG1847Z,남
20,권은희,국민의당,광주 광산을,YKW37422,여
20,권칠승,더불어민주당,경기 화성병,C7E79345,남
20,금태섭,더불어민주당,서울 강서갑,QZR19240,남
20,기동민,더불어민주당,서울 성북을,B7R2742J,남
20,김경수,더불어민주당,경남 김해을,PP08673W,남
20,김경진,무소속,광주 북구갑,YVN3115U,남
20,김경협,더불어민주당,경기 부천시원미구갑,ZKU88693,남
20,김관영,무소속,전북 군산시,W168182V,남
20,김광림,미래통합당,경북 안동시,MGE7194M,남
20,김광수,무소속,전북 전주갑,3NM5411H,남
20,김규환,미래한국당,비례대표,OC037566,남
20,김기선,미래한국당,강원 원주갑,NNP30098,남
20,김도읍,새누리당,부산 북구강서구을,LH97552Q,남
20,김동철,민생당,광주 광산구갑,DCR84445,남
20,김두관,더불어민주당,경기 김포시갑,CI15627C,남
20,김명연,미래통합당,경기 안산시단원구갑,9EA39580,남
20,김무성,미래통합당,부산 중구영도구,SNJ6318D,남
20,김민기,더불어민주당,경기 용인시을,NTT8182Q,남
20,김병관,더불어민주당,경기 성남시분당구갑,QB390802,남
20,김병기,더불어민주당,서울 동작구갑,8Q88373R,남
20,김병욱,더불어민주당,경기 성남시분당구을,GFF1986K,남
20,김부겸,더불어민주당,대구 수성구갑,UIZ3103R,남
20,김삼화,민생당,비례대표,ZL32287Z,여
20,김상훈,새누리당,대구 서구,1Y73132H,남
20,김상희,더불어민주당,경기 부천시소사구,UGH6481E,여
20,김석기,새누리당,경북 경주시,ZYP7962W,남
20,김선동,미래통합당,서울 도봉구을,DTG4846A,남
20,김성수,더불어민주당,비례대표,GXT11570,남
20,김성식,무소속,서울 관악구갑,RCF90176,남
20,김성원,새누리당,경기 동두천시연천군,9D939735,남
20,김성찬,미래한국당,경남 창원시진해구,PAB29217,남
20,김성태,미래통합당,비례대표,9UW75767,남
20,김성태,미래통합당,서울 강서구을,BQS2021C,남
20,김성환,더불어민주당,서울 노원구병,XSP20229,남
20,김세연,미래통합당,부산 금정구,2WQ6656P,남
20,김수민,민생당,비례대표,5K343700,여
20,김순례,미래한국당,비례대표,7KD2317D,여
20,김승희,미래한국당,비례대표,8WC7967F,여
20,김영우,미래통합당,경기 포천시가평군,PLR62452,남
20,김영주,더불어민주당,서울 영등포구갑,0W194007,여
20,김영진,더불어민주당,경기 수원시병,5765663F,남
20,김영춘,더불어민주당,부산 부산진구갑,TWL5801D,남
20,김영호,더불어민주당,서울 서대문구을,7BM2933Y,남
20,김용태,미래통합당,서울 양천구을,AMF4093D,남
20,김재경,미래통합당,경남 진주시을,M3Z17237,남
20,김재원,미래통합당,경북 상주시군위군의성군청송군,QZU9232M,남
20,김정우,더불어민주당,경기 군포시갑,6RP89579,남
20,김정재,새누리당,경북 포항시북구,E1J8836Y,여
20,김정호,더불어민주당,경남 김해시을,9LD2641Q,남
20,김정훈,미래한국당,부산 남구갑,64G6894C,남
20,김종대,정의당,비례대표,I0F2578R,남
20,김종민,더불어민주당,충남 논산시계룡시금산군,M2Q9024I,남
20,김종석,미래한국당,비례대표,06X3845L,남
20,김종인,더불어민주당,비례대표,E5N8503B,남
20,김종태,새누리당,경북 상주시군위군의성군청송군,K1Y45873,남
20,김종회,무소속,전북 김제시부안군,HTK5293K,남
20,김종훈,민중당,울산 동구,A935446Z,남
20,김중로,민생당,비례대표,SY09851R,남
20,김진태,미래통합당,강원 춘천시,N6C1899K,남
20,김진표,더불어민주당,경기 수원시무,Q9H5708M,남
20,김철민,더불어민주당,경기 안산시상록구을,1MU99298,남
20,김태년,더불어민주당,경기 성남시수정구,1WE5693J,남
20,김태흠,새누리당,충남 보령시서천군,TVF3669B,남
20,김학용,새누리당,경기 안성시,F5U2979W,남
20,김한정,더불어민주당,경기 남양주시을,09I2323E,남
20,김한표,미래통합당,경남 거제시,YBM9779M,남
20,김해영,더불어민주당,부산 연제구,6QU2958D,남
20,김현권,더불어민주당,비례대표,MPV9321A,남
20,김현미,더불어민주당,경기 고양시정,9XB6464U,여
20,김현아,미래통합당,비례대표,CXA6162I,여
20,나경원,새누리당,서울 동작구을,SLW27496,여
20,남인순,더불어민주당,서울 송파구병,04T3751T,여
20,노웅래,더불어민주당,서울 마포구갑,0827740Q,남
20,노회찬,정의당,경남 창원시성산구,GN240959,남
20,도종환,더불어민주당,충북 청주시흥덕구,J2O8643H,남
20,맹성규,더불어민주당,인천 남동구갑,FJK3396E,남
20,문미옥,더불어민주당,비례대표,TGL10010,여
20,문진국,미래한국당,비례대표,WV97281W,남
20,문희상,무소속,경기 의정부시갑,IYD4143Y,남
20,민경욱,미래통합당,인천 연수구을,Y3E8697I,남
20,민병두,무소속,서울 동대문구을,39P2522W,남
20,민홍철,더불어민주당,경남 김해시갑,O6D8329R,남
20,박경미,더불어민주당,비례대표,JMD3241I,여
20,박광온,더불어민주당,경기 수원시정,K3W33496,남
20,박남춘,더불어민주당,인천 남동구갑,24E9427D,남
20,박대출,새누리당,경남 진주시갑,W4X85128,남
20,박덕흠,새누리당,충북 보은군옥천군영동군괴산군,N4R2421C,남
20,박맹우,미래한국당,울산 남구을,EUR98126,남
20,박명재,미래통합당,경북 포항시남구울릉군,OTE19384,남
20,박범계,더불어민주당,대전 서구을,7R156073,남
20,박병석,더불어민주당,대전 서구갑,BLC8630L,남
20,박선숙,민생당,비례대표,MC32279F,여
20,박성중,새누리당,서울 서초구을,DAN6731C,남
20,박순자,미래통합당,경기 안산시단원구을,YLM92014,여
20,박영선,더불어민주당,서울 구로구을,S8431719,여
20,박완수,새누리당,경남 창원시의창구,D0C85236,남
20,박완주,더불어민주당,충남 천안시을,A3H7195R,남
20,박용진,더불어민주당,서울 강북구을,PEP6922S,남
20,박인숙,미래통합당,서울 송파구갑,IQ54138I,여
20,박재호,더불어민주당,부산 남구을,QUO78839,남
20,박정,더불어민주당,경기 파주시을,4019850M,남
20,박주민,더불어민주당,서울 은평구갑,6AU2417B,남
20,박주선,민생당,광주 동구남구을,XT18076X,남
20,박주현,민생당,비례대표,UDB4825U,여
20,박준영,민주평화당,전남 영암군무안군신안군,8EL9225R,남
20,박지원,국민의당,전남 목포시,8BF5855P,남
20,박찬대,더불어민주당,인천 연수구갑,BT62420K,남
20,박찬우,자유한국당,충남 천안시갑,8T51904N,남
20,박홍근,더불어민주당,서울 중랑구을,S824682L,남
20,배덕광,자유한국당,부산 해운대구을,9CR4440H,남
20,백승주,미래한국당,경북 구미시갑,O0G3169T,남
20,백재현,더불어민주당,경기 광명시갑,8DK7238W,남
20,백혜련,더불어민주당,경기 수원시을,HSS7466Y,여
20,변재일,더불어민주당,충북 청주시청원구,MO52543L,남
20,서삼석,더불어민주당,전남 영암군무안군신안군,FOK3459D,남
20,서영교,더불어민주당,서울 중랑구갑,TKJ4800F,여
20,서청원,우리공화당,경기 화성시갑,4Y54669I,남
20,서형수,더불어민주당,경남 양산시을,6N28669V,남
20,설훈,더불어민주당,경기 부천시원미구을,OW53107J,남
20,성일종,새누리당,충남 서산시태안군,7XY7109I,남
20,소병훈,더불어민주당,경기 광주시갑,ZDR63255,남
20,손금주,더불어민주당,전남 나주시화순군,A8O42480,남
20,손혜원,열린민주당,서울 마포구을,ZBX31520,여
20,송갑석,더불어민주당,광주 서구갑,RD42006Y,남
20,송기석,국민의당,광주 서구갑,7BV5480O,남
20,송기헌,더불어민주당,강원 원주시을,SQ36001H,남
20,송석준,새누리당,경기 이천시,CNW5754J,남
20,송언석,자유한국당,경북 김천시,6EN68926,남
20,송영길,더불어민주당,인천 계양구을,PAO22428,남
20,송옥주,더불어민주당,비례대표,3249208I,여
20,송희경,미래한국당,비례대표,1PZ8289D,여
20,신경민,더불어민주당,서울 영등포구을,BN49469V,남
20,신동근,더불어민주당,인천 서구을,G1570880,남
20,신보라,미래통합당,비례대표,HE838063,여
20,신상진,미래통합당,경기 성남시중원구,71M8132V,남
20,신용현,민생당,비례대표,MTK2954E,여
20,신창현,더불어민주당,경기 의왕시과천시,WYC63862,남
20,심기준,더불어민주당,비례대표,9414335X,남
20,심상정,정의당,경기 고양시갑,SU53086M,여
20,심재권,더불어민주당,서울 강동구을,VXQ28579,남
20,심재철,미래통합당,경기 안양시동안구을,FGX4881A,남
20,안규백,더불어민주당,서울 동대문구갑,TST4507I,남
20,안민석,더불어민주당,경기 오산시,ZA54991S,남
20,안상수,미래통합당,인천 중구동구강화군옹진군,A486635H,남
20,안철수,국민의당,서울 노원구병,YOG1280B,남
20,안호영,더불어민주당,전북 완주군진안군무주군장수군,XEF29171,남
20,양승조,더불어민주당,충남 천안시병,TIS61927,남
20,어기구,더불어민주당,충남 당진시,8FB1535Y,남
20,엄용수,자유한국당,경남 밀양시의령군함안군창녕군,B6F5266B,남
20,여상규,미래한국당,경남 사천시남해군하동군,QKY38290,남
20,여영국,정의당,경남 창원시성산구,B751170H,남
20,염동열,미래한국당,강원 태백시횡성군영월군평창군정선군,SSF6805Q,남
20,오세정,바른미래당,비례대표,M6K7940A,남
20,오신환,미래통합당,서울 관악구을,H337332S,남
20,오영훈,더불어민주당,제주 제주시을,21N57758,남
20,오제세,더불어민주당,충북 청주시서원구,SVH30067,남
20,우상호,더불어민주당,서울 서대문구갑,V0O5343U,남
20,우원식,더불어민주당,서울 노원구을,XBT9550Q,남
20,원유철,미래한국당,경기 평택시갑,TZD17894,남
20,원혜영,더불어민주당,경기 부천시오정구,6DG91769,남
20,위성곤,더불어민주당,제주 서귀포시,RQQ3807K,남
20,유기준,미래통합당,부산 서구동구,CAL85655,남
20,유동수,더불어민주당,인천 계양구갑,GX38539O,남
20,유민봉,미래통합당,비례대표,I5V5327I,남
20,유성엽,민생당,전북 정읍시고창군,I7Z3068X,남
20,유승민,미래통합당,대구 동구을,PWU27609,남
20,유승희,더불어민주당,서울 성북구갑,9BE5694R,여
20,유은혜,더불어민주당,경기 고양시병,5CO4531H,여
20,유의동,새누리당,경기 평택시을,MRK4871S,남
20,유재중,미래통합당,부산 수영구,SEK1881Q,남
20,윤관석,더불어민주당,인천 남동구을,JMY9959W,남
20,윤상직,미래통합당,부산 기장군,LDY9563L,남
20,윤상현,무소속,인천 남구을,MSY7784L,남
20,윤소하,정의당,비례대표,8X46899U,남
20,윤영석,새누리당,경남 양산시갑,9VR65006,남
20,윤영일,민생당,전남 해남군완도군진도군,U9G5099O,남
20,윤일규,더불어민주당,충남 천안시병,5DR6334X,남
20,윤재옥,새누리당,대구 달서구을,ZRF3039U,남
20,윤종오,무소속,울산 북구,3TP65086,남
20,윤종필,미래한국당,비례대표,Q6G2914I,여
20,윤준호,더불어민주당,부산 해운대구을,7W35098M,남
20,윤한홍,새누리당,경남 창원시마산회원구,8X15119P,남
20,윤호중,더불어민주당,경기 구리시,M0A1658U,남
20,윤후덕,더불어민주당,경기 파주시갑,O7R5461J,남
20,이개호,더불어민주당,전남 담양군함평군영광군장성군,I7R13867,남
20,이군현,자유한국당,경남 통영시고성군,0135473I,남
20,이규희,더불어민주당,충남 천안시갑,9FL71418,남
20,이동섭,민생당,비례대표,OQO34632,남
20,이만희,새누리당,경북 영천시청도군,OSV9142K,남
20,이명수,새누리당,충남 아산시갑,6YT83269,남
20,이상돈,민생당,비례대표,JWW6081H,남
20,이상민,더불어민주당,대전 유성구을,ZYH1940A,남
20,이상헌,더불어민주당,울산 북구,WVU2479T,남
20,이석현,더불어민주당,경기 안양시동안구갑,GMK1374L,남
20,이수혁,더불어민주당,비례대표,R7N74579,남
20,이양수,새누리당,강원 속초시고성군양양군,S9U45255,남
20,이언주,더불어민주당,경기 광명시을,JG77046J,여
20,이완영,자유한국당,경북 고령군성주군칠곡군,8WV8289I,남
20,이용득,더불어민주당,비례대표,ABT2266H,남
20,이용주,무소속,전남 여수시갑,X9Y63914,남
20,이용호,국민의당,전북 남원시임실군순창군,DBA1057Z,남
20,이우현,자유한국당,경기 용인시갑,0582116P,남
20,이원욱,더불어민주당,경기 화성시을,16D7652C,남
20,이은권,미래통합당,대전 중구,DVD2735W,남
20,이은재,무소속,서울 강남구병,IQN7588X,여
20,이인영,더불어민주당,서울 구로구갑,3ZR4438W,남
20,이장우,미래통합당,대전 동구,2SE64657,남
20,이재정,더불어민주당,비례대표,UQ282145,여
20,이정미,정의당,비례대표,IUE5875N,여
20,이정현,무소속,전남 순천시,7AN97172,남
20,이종걸,더불어민주당,경기 안양시만안구,WDR7061Y,남
20,이종구,미래통합당,서울 강남구갑,2XI97689,남
20,이종명,미래한국당,비례대표,11N7618M,남
20,이종배,새누리당,충북 충주시,HSW1214Q,남
20,이주영,미래통합당,경남 창원시마산합포구,8IN46764,남
20,이진복,미래통합당,부산 동래구,0ID22746,남
20,이찬열,미래통합당,경기 수원시갑,BWD92364,남
20,이채익,새누리당,울산 남구갑,WDS6044S,남
20,이철규,무소속,강원 동해시삼척시,TZP9391O,남
20,이철우,자유한국당,경북 김천시,NS06841K,남
20,이철희,더불어민주당,비례대표,LSK9789D,남
20,이춘석,더불어민주당,전북 익산시갑,V2R7430Z,남
20,이태규,국민의당,비례대표,QTW6852F,남
20,이학영,더불어민주당,경기 군포시을,K5F2023J,남
20,이학재,미래통합당,인천 서구갑,AJV31724,남
20,이해찬,더불어민주당,세종특별자치시,9ZP9014Q,남
20,이헌승,새누리당,부산 부산진구을,EVH1507C,남
20,이현재,무소속,경기 하남시,MBS2896E,남
20,이혜훈,미래통합당,서울 서초구갑,LCJ77278,여
20,이후삼,더불어민주당,충북 제천시단양군,QXD2505Y,남
20,이훈,더불어민주당,서울 금천구,BTP28870,남
20,인재근,더불어민주당,서울 도봉구갑,UM51067K,여
20,임이자,새누리당,비례대표,EH27538E,여
20,임재훈,민생당,비례대표,BIR8594P,남
20,임종성,더불어민주당,경기 광주시을,E6U4345C,남
20,장병완,민생당,광주 동구남구갑,V8I36226,남
20,장석춘,미래한국당,경북 구미시을,WNN9272X,남
20,장정숙,민생당,비례대표,0AI7568W,여
20,장제원,무소속,부산 사상구,CZB4125D,남
20,전재수,더불어민주당,부산 북구강서구갑,9YO73104,남
20,전해철,더불어민주당,경기 안산시상록구갑,BM63269Y,남
20,전현희,더불어민주당,서울 강남구을,25G2571T,여
20,전혜숙,더불어민주당,서울 광진구갑,N9X9673B,여
20,전희경,미래통합당,비례대표,QZF33498,여
20,정갑윤,미래통합당,울산 중구,CYD5815E,남
20,정동영,국민의당,전북 전주시병,ARP89147,남
20,정병국,미래통합당,경기 여주시양평군,P303213F,남
20,정성호,더불어민주당,경기 양주시,V429892C,남
20,정세균,더불어민주당,서울 종로구,DCN7433W,남
20,정양석,미래통합당,서울 강북구갑,0E97245Y,남
20,정용기,미래통합당,대전 대덕구,ZGA4092Y,남
20,정우택,새누리당,충북 청주시상당구,VHK3402G,남
20,정운천,새누리당,전북 전주시을,NZF1659U,남
20,정유섭,미래통합당,인천 부평구갑,0GF6251P,남
20,정은혜,더불어민주당,비례대표,DQL3007B,여
20,정인화,무소속,전남 광양시곡성군구례군,DKB8522X,남
20,정재호,더불어민주당,경기 고양시을,9S468336,남
20,정점식,자유한국당,경남 통영시고성군,LJK4960Z,남
20,정종섭,미래통합당,대구 동구갑,CJX51868,남
20,정진석,새누리당,충남 공주시부여군청양군,NQR1206Q,남
20,정춘숙,더불어민주당,비례대표,MD083627,여
20,정태옥,무소속,대구 북구갑,06571503,남
20,제윤경,더불어민주당,비례대표,8KB8281W,여
20,조경태,새누리당,부산 사하구을,5KV82250,남
20,조배숙,국민의당,전북 익산시을,IWK63872,여
20,조승래,더불어민주당,대전 유성구갑,FYI20317,남
20,조원진,우리공화당,대구 달서구병,VNF2868Z,남
20,조응천,더불어민주당,경기 남양주시갑,CDL93608,남
20,조정식,더불어민주당,경기 시흥시을,IN328264,남
20,조훈현,미래한국당,비례대표,D397960C,남
20,주광덕,미래통합당,경기 남양주시병,AFQ26679,남
20,주승용,민생당,전남 여수시을,GCA42857,남
20,주호영,무소속,대구 수성구을,8SV6917G,남
20,지상욱,미래통합당,서울 중구성동구을,5HG31863,남
20,진선미,더불어민주당,서울 강동구갑,68P7228G,여
20,진영,더불어민주당,서울 용산구,IDV9108J,남
20,채이배,민생당,비례대표,GDN7894V,남
20,천정배,민생당,광주 서구을,3SP89633,남
20,최경환,자유한국당,경북 경산시,FJ03481D,남
20,최경환,민생당,광주 북구을,KA04352K,남
20,최교일,미래통합당,경북 영주시문경시예천군,TO79481Z,남
20,최도자,민생당,비례대표,O8E1566L,여
20,최명길,국민의당,서울 송파구을,U013741R,남
20,최연혜,미래통합당,비례대표,16I8621J,여
20,최운열,더불어민주당,비례대표,ZJI5740K,남
20,최인호,더불어민주당,부산 사하구갑,LPB30152,남
20,최재성,더불어민주당,서울 송파구을,VE469451,남
20,추경호,새누리당,대구 달성군,G152611B,남
20,추미애,더불어민주당,서울 광진구을,URV1689Q,여
20,추혜선,정의당,비례대표,XTB3104O,여
20,표창원,더불어민주당,경기 용인시정,EX94352K,남
20,하태경,새누리당,부산 해운대구갑,I0S53762,남
20,한선교,미래한국당,경기 용인시병,ZX71333R,남
20,한정애,더불어민주당,서울 강서구병,XPP2564T,여
20,함진규,미래통합당,경기 시흥시갑,1KD95875,남
20,허윤정,더불어민주당,비례대표,3UZ61136,여
20,홍문종,친박신당,경기 의정부시을,T2K9554I,남
20,홍문표,새누리당,충남 홍성군예산군,GD131760,남
20,홍영표,더불어민주당,인천 부평구을,KR14136C,남
20,홍의락,더불어민주당,대구 북구을,GW55008L,남
20,홍익표,더불어민주당,서울 중구성동구갑,FRN1867O,남
20,홍일표,미래통합당,인천 남구갑,06L2365K,남
20,홍철호,미래통합당,경기 김포시을,R365233W,남
20,황영철,자유한국당,강원 홍천군철원군화천군양구군인제군,C7Z8238W,남
20,황주홍,민생당,전남 고흥군보성군장흥군강진군,JOY4394O,남
20,황희,더불어민주당,서울 양천구갑,0VU8517U,남
21,강기윤,국민의힘,경남 창원시성산구,14M56632,남
21,강대식,미래통합당,대구 동구을,L2I9861C,남
21,강득구,더불어민주당,경기 안양시만안구,8P37634C,남
21,강민국,미래통합당,경남 진주시을,GX22581L,남
21,강민정,더불어민주당,비례대표,P2N50879,여
21,강병원,더불어민주당,서울 은평구을,60490713,남
21,강선우,더불어민주당,서울 강서구갑,MNZ4401T,여
21,강성희,진보당,전북 전주시을,6FS10566,남
21,강은미,정의당,비례대표,WMG57662,여
21,강준현,더불어민주당,세종특별자치시을,5KV96424,남
21,강훈식,더불어민주당,충남 아산시을,TRE2429O,남
21,고민정,더불어민주당,서울 광진구을,WCD5518S,여
21,고영인,더불어민주당,경기 안산시단원구갑,4XG1439M,남
21,고용진,더불어민주당,서울 노원구갑,6V37131U,남
21,구자근,미래통합당,경북 구미시갑,7469929V,남
21,권명호,국민의힘,울산 동구,E9R4507P,남
21,권성동,무소속,강원 강릉시,GDG1847Z,남
21,권영세,미래통합당,서울 용산구,LG63087O,남
21,권은희,국민의힘,비례대표,YKW37422,여
21,권인숙,더불어민주당,비례대표,3TO11703,여
21,권칠승,더불어민주당,경기 화성시병,C7E79345,남
21,기동민,더불어민주당,서울 성북구을,B7R2742J,남
21,김경만,더불어민주당,비례대표,1BX7234U,남
21,김경협,더불어민주당,경기 부천시갑,ZKU88693,남
21,김교흥,더불어민주당,인천 서구갑,X1K3667J,남
21,김기현,미래통합당,울산 남구을,X7I4680R,남
21,김남국,더불어민주당,경기 안산시단원구을,QHL3248U,남
21,김도읍,미래통합당,부산 북구강서구을,LH97552Q,남
21,김두관,더불어민주당,경남 양산시을,CI15627C,남
21,김미애,미래통합당,부산 해운대구을,3BC6890E,여
21,김민기,더불어민주당,경기 용인시을,NTT8182Q,남
21,김민석,더불어민주당,서울 영등포구을,MLH1404S,남
21,김민철,더불어민주당,경기 의정부시을,6399076T,남
21,김병기,더불어민주당,서울 동작구갑,8Q88373R,남
21,김병욱,더불어민주당,경기 성남시분당구을,GFF1986K,남
21,김병욱,국민의힘,경북 포항시남구울릉군,KB04377U,남
21,김병주,더불어시민당,비례대표,GF286398,남
21,김상훈,미래통합당,대구 서구,1Y73132H,남
21,김상희,더불어민주당,경기 부천시병,UGH6481E,여
21,김석기,미래통합당,경북 경주시,ZYP7962W,남
21,김성원,미래통합당,경기 동두천시연천군,9D939735,남
21,김성주,더불어민주당,전북 전주시병,2UD1340H,남
21,김성환,더불어민주당,서울 노원구병,XSP20229,남
21,김수흥,더불어민주당,전북 익산시갑,L7T64271,남
21,김승남,더불어민주당,전남 고흥군보성군장흥군강진군,P2N4585G,남
21,김승수,미래통합당,대구 북구을,5K93695T,남
21,김승원,더불어민주당,경기 수원시갑,ATB59635,남
21,김영배,더불어민주당,서울 성북구갑,B7D7534L,남
21,김영선,국민의힘,경남 창원시의창구,LBC8144B,여
21,김영식,국민의힘,경북 구미시을,IOW1101J,남
21,김영주,국민의힘,서울 영등포구갑,0W194007,여
21,김영진,더불어민주당,경기 수원시병,5765663F,남
21,김영호,더불어민주당,서울 서대문구을,7BM2933Y,남
21,김예지,미래한국당,비례대표,CNZ51556,여
21,김용민,더불어민주당,경기 남양주시병,OFE45081,남
21,김용판,국민의힘,대구 달서구병,SVH3899R,남
21,김웅,국민의힘,서울 송파구갑,LQW3652K,남
21,김원이,더불어민주당,전남 목포시,4L695580,남
21,김윤덕,더불어민주당,전북 전주시갑,JZY9937U,남
21,김의겸,더불어민주당,비례대표,FIC9046Z,남
21,김정재,미래통합당,경북 포항시북구,E1J8836Y,여
21,김정호,더불어민주당,경남 김해시을,9LD2641Q,남
21,김종민,더불어민주당,충남 논산시계룡시금산군,M2Q9024I,남
21,김주영,더불어민주당,경기 김포시갑,D6U6678O,남
21,김진표,무소속,경기 수원시무,Q9H5708M,남
21,김철민,더불어민주당,경기 안산시상록구을,1MU99298,남
21,김태년,더불어민주당,경기 성남시수정구,1WE5693J,남
21,김태호,무소속,경남 산청군함양군거창군합천군,P0F1530P,남
21,김학용,국민의힘,경기 안성시,F5U2979W,남
21,김한규,더불어민주당,제주 제주시을,NUB4941Z,남
21,김한정,더불어민주당,경기 남양주시을,09I2323E,남
21,김형동,미래통합당,경북 안동시예천군,JEZ3130Q,남
21,김홍걸,더불어민주당,비례대표,PO64874I,남
21,김회재,더불어민주당,전남 여수시을,M6H1705E,남
21,김희곤,국민의힘,부산 동래구,52P3934K,남
21,김희국,국민의힘,경북 군위군의성군청송군영덕군,6AR6743G,남
21,남인순,더불어민주당,서울 송파구병,04T3751T,여
21,노용호,국민의힘,비례대표,JVB6983V,남
21,노웅래,더불어민주당,서울 마포구갑,0827740Q,남
21,도종환,더불어민주당,충북 청주시흥덕구,J2O8643H,남
21,류성걸,국민의힘,대구 동구갑,8VY63414,남
21,류호정,정의당,비례대표,NCP9875N,여
21,맹성규,더불어민주당,인천 남동구갑,FJK3396E,남
21,문정복,더불어민주당,경기 시흥시갑,GOC54665,여
21,문진석,더불어민주당,충남 천안시갑,4U29186R,남
21,민병덕,더불어민주당,경기 안양시동안구갑,TZ228122,남
21,민형배,더불어민주당,광주 광산구을,VRY5522V,남
21,민홍철,더불어민주당,경남 김해시갑,O6D8329R,남
21,박광온,더불어민주당,경기 수원시정,K3W33496,남
21,박대수,국민의힘,비례대표,B7H6207C,남
21,박대출,미래통합당,경남 진주시갑,W4X85128,남
21,박덕흠,미래통합당,충북 보은군옥천군영동군괴산군,N4R2421C,남
21,박범계,더불어민주당,대전 서구을,7R156073,남
21,박병석,더불어민주당,대전 서구갑,BLC8630L,남
21,박상혁,더불어민주당,경기 김포시을,HXT76735,남
21,박성민,미래통합당,울산 중구,X3170462,남
21,박성준,더불어민주당,서울 중구성동구을,IL74008M,남
21,박성중,국민의힘,서울 서초구을,DAN6731C,남
21,박수영,미래통합당,부산 남구갑,FU87526G,남
21,박영순,새로운미래,대전 대덕구,40S1959J,남
21,박완주,무소속,충남 천안시을,A3H7195R,남
21,박용진,더불어민주당,서울 강북구을,PEP6922S,남
21,박재호,더불어민주당,부산 남구을,QUO78839,남
21,박정,더불어민주당,경기 파주시을,4019850M,남
21,박정하,국민의힘,강원 원주시갑,6RD62559,남
21,박주민,더불어민주당,서울 은평구갑,6AU2417B,남
21,박진,국민의힘,서울 강남구을,QKO6165V,남
21,박찬대,더불어민주당,인천 연수구갑,BT62420K,남
21,박형수,미래통합당,경북 영주시영양군봉화군울진군,6U243644,남
21,박홍근,더불어민주당,서울 중랑구을,S824682L,남
21,배준영,미래통합당,인천 중구강화군옹진군,QQP4727N,남
21,배진교,정의당,비례대표,A2V51235,남
21,배현진,미래통합당,서울 송파구을,4X525582,여
21,백종헌,미래통합당,부산 금정구,CAA7713A,남
21,백혜련,더불어민주당,경기 수원시을,HSS7466Y,여
21,변재일,더불어민주당,충북 청주시청원구,MO52543L,남
21,서동용,더불어민주당,전남 순천시광양시곡성군구례군을,0PK7354M,남
21,서범수,미래통합당,울산 울주군,L7J93733,남
21,서병수,국민의힘,부산 진구갑,CT85313K,남
21,서삼석,더불어민주당,전남 영암군무안군신안군,FOK3459D,남
21,서영교,더불어민주당,서울 중랑구갑,TKJ4800F,여
21,서영석,더불어민주당,경기 부천시정,XR24352K,남
21,서일준,미래통합당,경남 거제시,MR210505,남
21,서정숙,국민의힘,비례대표,WFU14784,여
21,설훈,새로운미래,경기 부천시을,OW53107J,남
21,성일종,미래통합당,충남 서산시태안군,7XY7109I,남
21,소병철,더불어민주당,전남 순천시광양시곡성군구례군갑,17M85910,남
21,소병훈,더불어민주당,경기 광주시갑,ZDR63255,남
21,송갑석,더불어민주당,광주 서구갑,RD42006Y,남
21,송기헌,더불어민주당,강원 원주시을,SQ36001H,남
21,송석준,미래통합당,경기 이천시,CNW5754J,남
21,송언석,미래통합당,경북 김천시,6EN68926,남
21,송옥주,더불어민주당,경기 화성시갑,3249208I,여
21,송재호,더불어민주당,제주 제주시갑,LM13674V,남
21,신동근,더불어민주당,인천 서구을,G1570880,남
21,신영대,더불어민주당,전북 군산시,AFH96856,남
21,신원식,국민의힘,비례대표,SRP7336N,남
21,신정훈,더불어민주당,전남 나주시화순군,M7O7878U,남
21,신현영,더불어민주당,비례대표,F5Y4026Q,여
21,심상정,정의당,경기 고양시갑,SU53086M,여
21,안규백,더불어민주당,서울 동대문구갑,TST4507I,남
21,안민석,더불어민주당,경기 오산시,ZA54991S,남
21,안병길,국민의힘,부산 서구동구,6MO8786S,남
21,안철수,국민의힘,경기 성남시분당구갑,YOG1280B,남
21,안호영,더불어민주당,전북 완주군진안군무주군장수군,XEF29171,남
21,양경숙,더불어민주당,비례대표,9V18755A,여
21,양금희,국민의힘,대구 북구갑,VG24001G,여
21,양기대,더불어민주당,경기 광명시을,KUO3574J,남
21,양이원영,더불어민주당,비례대표,7O71647Z,여
21,양정숙,개혁신당,비례대표,PZA4062H,여
21,양향자,개혁신당,광주 서구을,WHV3448W,여
21,어기구,더불어민주당,충남 당진시,8FB1535Y,남
21,엄태영,미래통합당,충북 제천시단양군,8348421R,남
21,오기형,더불어민주당,서울 도봉구을,OIA3741M,남
21,오영환,새로운미래,경기 의정부시갑,MY318392,남
21,용혜인,기본소득당,비례대표,GE71932C,여
21,우상호,더불어민주당,서울 서대문구갑,V0O5343U,남
21,우원식,더불어민주당,서울 노원구을,XBT9550Q,남
21,위성곤,더불어민주당,제주 서귀포시,RQQ3807K,남
21,유경준,국민의힘,서울 강남구병,9L57027L,남
21,유기홍,더불어민주당,서울 관악구갑,8FC9697X,남
21,유동수,더불어민주당,인천 계양구갑,GX38539O,남
21,유상범,미래통합당,강원 홍천군횡성군영월군평창군,MU69217P,남
21,유의동,국민의힘,경기 평택시을,MRK4871S,남
21,유정주,더불어민주당,비례대표,0WL9321T,여
21,윤건영,더불어민주당,서울 구로구을,GP07421U,남
21,윤관석,무소속,인천 남동구을,JMY9959W,남
21,윤두현,국민의힘,경북 경산시,7JC3239L,남
21,윤미향,무소속,비례대표,KNM3215T,여
21,윤상현,국민의힘,인천 동구미추홀구을,MSY7784L,남
21,윤영덕,더불어민주당,광주 동구남구갑,KFS1358P,남
21,윤영석,미래통합당,경남 양산시갑,9VR65006,남
21,윤영찬,더불어민주당,경기 성남시중원구,XWX1513T,남
21,윤재갑,더불어민주당,전남 해남군완도군진도군,SE233396,남
21,윤재옥,미래통합당,대구 달서구을,ZRF3039U,남
21,윤주경,국민의힘,비례대표,ZDP5704Q,여
21,윤준병,더불어민주당,전북 정읍시고창군,JC14718Q,남
21,윤창현,국민의힘,비례대표,40E3739H,남
21,윤한홍,미래통합당,경남 창원마산회원,8X15119P,남
21,윤호중,더불어민주당,경기 구리,M0A1658U,남
21,윤후덕,더불어민주당,경기 파주갑,O7R5461J,남
21,이개호,더불어민주당,전남 담양함평영광장성,I7R13867,남
21,이달곤,국민의힘,경남 창원진해,QUM8288K,남
21,이동주,더불어민주당,비례대표,RO593601,남
21,이만희,미래통합당,경북 영천청도,OSV9142K,남
21,이명수,국민의힘,충남 아산갑,6YT83269,남
21,이병훈,더불어민주당,광주 동구남구을,HKJ99607,남
21,이상민,국민의힘,대전 유성을,ZYH1940A,남
21,이상헌,무소속,울산 북구,WVU2479T,남
21,이성만,무소속,인천 부평갑,8KF7223D,남
21,이소영,더불어민주당,경기 의왕과천,WTR5885Y,여
21,이수진,더불어시민당,비례대표,0R68099X,여
21,이수진,무소속,서울 동작을,D4L60530,여
21,이양수,미래통합당,강원 속초인제고성양양,S9U45255,남
21,이용,국민의힘,비례대표,5UN9725L,남
21,이용빈,더불어민주당,광주 광산갑,GKD32201,남
21,이용선,더불어민주당,서울 양천을,9JF4562W,남
21,이용우,더불어민주당,경기 고양정,G7512472,남
21,이용호,국민의힘,전북 남원임실순창,DBA1057Z,남
21,이원욱,개혁신당,경기 화성을,16D7652C,남
21,이원택,더불어민주당,전북 김제부안,DAV7257X,남
21,이은주,정의당,비례대표,W1Q6753M,여
21,이인선,국민의힘,대구 수성을,DWK26447,여
21,이인영,더불어민주당,서울 구로갑,3ZR4438W,남
21,이장섭,더불어민주당,충북 청주서원,7I09543O,남
21,이재명,더불어민주당,인천 계양을,IUD9392R,남
21,이재정,더불어민주당,경기 안양동안을,UQ282145,여
21,이정문,더불어민주당,충남 천안병,O0I2045I,남
21,이종배,미래통합당,충북 충주,HSW1214Q,남
21,이종성,국민의힘,비례대표,FDC3144T,남
21,이주환,국민의힘,부산 연제,3RW63706,남
21,이채익,국민의힘,울산 남구갑,WDS6044S,남
21,이철규,미래통합당,강원 동해태백삼척정선,TZP9391O,남
21,이탄희,더불어민주당,경기 용인정,9S151177,남
21,이태규,국민의힘,비례대표,QTW6852F,남
21,이학영,더불어민주당,경기 군포,K5F2023J,남
21,이해식,더불어민주당,서울 강동을,CCU1009B,남
21,이헌승,미래통합당,부산 부산진을,EVH1507C,남
21,이형석,더불어민주당,광주 북구을,IOW8224X,남
21,인재근,더불어민주당,서울 도봉갑,UM51067K,여
21,임병헌,국민의힘,대구 중구남구,NLR6572J,남
21,임오경,더불어민주당,경기 광명갑,4T026790,여
21,임이자,미래통합당,경북 상주문경,EH27538E,여
21,임종성,더불어민주당,경기 광주을,E6U4345C,남
21,임호선,더불어민주당,충북 증평진천음성,FH777496,남
21,장경태,더불어민주당,서울 동대문을,RPN2293B,남
21,장동혁,국민의힘,충남 보령시서천군,KFM1081G,남
21,장제원,국민의힘,부산 사상,CZB4125D,남
21,장철민,더불어민주당,대전 동구,2NV6751W,남
21,장혜영,정의당,비례대표,GAV6441G,여
21,전봉민,국민의힘,부산 수영,DPZ7685X,남
21,전용기,더불어시민당,비례대표,TJW93720,남
21,전재수,더불어민주당,부산 북구강서구갑,9YO73104,남
21,전주혜,국민의힘,비례대표,71J2365L,여
21,전해철,더불어민주당,경기 안산상록갑,BM63269Y,남
21,전혜숙,무소속,서울 광진갑,N9X9673B,여
21,정경희,국민의힘,비례대표,USR7059P,여
21,정동만,미래통합당,부산 기장,DAY6557K,남
21,정성호,더불어민주당,경기 양주,V429892C,남
21,정우택,국민의힘,충북 청주상당,VHK3402G,남
21,정운천,국민의힘,비례대표,NZF1659U,남
21,정일영,더불어민주당,인천 연수을,LT72093S,남
21,정점식,미래통합당,경남 통영고성,LJK4960Z,남
21,정진석,국민의힘,충남 공주부여청양,NQR1206Q,남
21,정찬민,국민의힘,경기 용인시갑,SBK1544B,남
21,정청래,더불어민주당,서울 마포을,2385336L,남
21,정춘숙,더불어민주당,경기 용인병,MD083627,여
21,정태호,더불어민주당,서울 관악을,UHB5553T,남
21,정필모,더불어민주당,비례대표,3425169D,남
21,정희용,미래통합당,경북 고령성주칠곡,PFG2137X,남
21,조경태,미래통합당,부산 사하을,5KV82250,남
21,조명희,국민의힘,비례대표,S741317G,여
21,조수진,국민의힘,비례대표,YLS4431M,여
21,조승래,더불어민주당,대전 유성갑,FYI20317,남
21,조오섭,더불어민주당,광주 북구갑,25I8709Q,남
21,조은희,국민의힘,서울 서초갑,MQU41854,여
21,조응천,개혁신당,경기 남양주갑,CDL93608,남
21,조정식,더불어민주당,경기 시흥을,IN328264,남
21,조정훈,시대전환,비례대표,WJL30106,남
21,조해진,국민의힘,경남 밀양의령함안창녕,Z6R3959C,남
21,주철현,더불어민주당,전남 여수갑,T465023H,남
21,주호영,미래통합당,대구 수성갑,8SV6917G,남
21,지성호,국민의힘,비례대표,Y7K5946R,남
21,진선미,더불어민주당,서울 강동갑,68P7228G,여
21,진성준,더불어민주당,서울 강서을,3C23171A,남
21,천준호,더불어민주당,서울 강북갑,A494529E,남
21,최강욱,더불어민주당,비례대표,ICH23251,남
21,최기상,더불어민주당,서울 금천,I5I2468R,남
21,최승재,국민의힘,비례대표,M7T9712V,남
21,최연숙,국민의힘,비례대표,8VJ8533R,여
21,최영희,국민의힘,비례대표,YTA7297R,여
21,최인호,더불어민주당,부산 사하갑,LPB30152,남
21,최재형,국민의힘,서울 종로,6RM29022,남
21,최종윤,더불어민주당,경기 하남,Z7Y7827F,남
21,최춘식,국민의힘,경기 포천가평,3DK8989T,남
21,최형두,미래통합당,경남 창원마산합포,A0P4646G,남
21,최혜영,더불어민주당,비례대표,QD25323M,여
21,추경호,미래통합당,대구 달성군,G152611B,남
21,태영호,국민의힘,서울 강남갑,XJC13432,남
21,하영제,무소속,경남 사천시남해군하동군,FGI27280,남
21,하태경,국민의힘,부산 해운대갑,I0S53762,남
21,한기호,미래통합당,강원 춘천철원화천양구을,JQA21112,남
21,한무경,국민의힘,비례대표,UB114374,여
21,한병도,더불어민주당,전북 익산을,H5476989,남
21,한정애,더불어민주당,서울 강서병,XPP2564T,여
21,한준호,더불어민주당,경기 고양을,BCQ55105,남
21,허영,더불어민주당,강원 춘천철원화천양구갑,FU53642G,남
21,허은아,국민의힘,비례대표,66W6739S,여
21,허종식,더불어민주당,인천 동구미추홀구갑,VCP96419,남
21,홍기원,더불어민주당,경기 평택갑,5MD4184K,남
21,홍문표,국민의힘,충남 홍성군예산군,GD131760,남
21,홍석준,국민의힘,대구 달서갑,EMC8812P,남
21,홍성국,더불어민주당,세종 세종갑,2N793392,남
21,홍영표,새로운미래,인천 부평을,KR14136C,남
21,홍익표,더불어민주당,서울 중구성동갑,FRN1867O,남
21,홍정민,더불어민주당,경기 고양병,XA42275R,여
21,황보승희,자유통일당,부산 중구영도,J9S37905,여
21,황운하,더불어민주당,대전 중구,0YT3774N,남
21,황희,더불어민주당,서울 양천갑,0VU8517U,남
21,곽상도,무소속,대구 중구남구,MHK9919B,남
21,김선교,미래통합당,경기 여주양평,JNL7001A,남
21,김은혜,미래통합당,경기 성남분당갑,L5P27909,여
21,김진애,열린민주당,비례대표,LNR7932L,여
21,김태흠,국민의힘,충남 보령서천,TVF3669B,남
21,박완수,국민의힘,경남 창원의창,D0C85236,남
21,송영길,더불어민주당,인천 계양을,PAO22428,남
21,오영훈,더불어민주당,제주 제주을,21N57758,남
21,윤희숙,국민의힘,서울 서초갑,IUL4848V,여
21,이광재,더불어민주당,강원 원주갑,4A067125,남
21,이규민,더불어민주당,경기 안성,AE685067,남
21,이낙연,더불어민주당,서울 종로,0767470D,남
21,이상직,무소속,전북 전주을,CFE3998F,남
21,이영,국민의힘,비례대표,1X376850,여
21,정정순,더불어민주당,충북 청주상당,TP066860,남
21,조태용,국민의힘,비례대표,I434361W,남
21,홍준표,국민의힘,대구 수성을,NAL4555X,남
21,김근태,국민의힘,비례대표,C835799S,남
21,김은희,국민의힘,비례대표,MSO2590I,여
21,양경규,정의당,비례대표,DV77269P,남
21,우신구,국민의힘,비례대표,F0I5053J,남
21,이자스민,정의당,비례대표,SZ51175J,여
21,허숙정,더불어민주당,비례대표,NCO99988,여
22,남인순,더불어민주당,서울 송파병,04T3751T,여
22,이해민,조국혁신당,비례대표,0698755I,여
22,이수진,더불어민주당,경기 성남중원,0R68099X,여
22,황희,더불어민주당,서울 양천갑,0VU8517U,남
22,황운하,조국혁신당,비례대표,0YT3774N,남
22,박은정,조국혁신당,비례대표,1A82234K,여
22,박용갑,더불어민주당,대전 중구,1JI2689F,남
22,채현일,더불어민주당,서울 영등포갑,1S05899F,남
22,김소희,국민의힘,비례대표,1SR94244,여
22,김태년,더불어민주당,경기 성남수정,1WE5693J,남
22,김상훈,국민의힘,대구 서구,1Y73132H,남
22,정청래,더불어민주당,서울 마포을,2385336L,남
22,전현희,더불어민주당,서울 중구성동갑,25G2571T,여
22,장철민,더불어민주당,대전 동구,2NV6751W,남
22,이훈기,더불어민주당,인천 남동을,2S73768V,남
22,송옥주,더불어민주당,경기 화성갑,3249208I,여
22,김미애,국민의힘,부산 해운대을,3BC6890E,여
22,진성준,더불어민주당,서울 강서을,3C23171A,남
22,김기표,더불어민주당,경기 부천을,3CC88975,남
22,이재강,더불어민주당,경기 의정부을,3LP22204,남
22,조지연,국민의힘,경북 경산,3NI5978A,여
22,양문석,더불어민주당,경기 안산갑,3OQ8273H,남
22,윤종오,진보당,울산 북구,3TP65086,남
22,김우영,더불어민주당,서울 은평을,3UI95829,남
22,이인영,더불어민주당,서울 구로갑,3ZR4438W,남
22,박정,더불어민주당,경기 파주을,4019850M,남
22,강승규,국민의힘,충남 홍성예산,42K7317Y,남
22,박희승,더불어민주당,전북 남원장수임실순창,43Q3892U,남
22,김원이,더불어민주당,전남 목포,4L695580,남
22,임오경,더불어민주당,경기 광명갑,4T026790,여
22,문진석,더불어민주당,충남 천안갑,4U29186R,남
22,배현진,국민의힘,서울 송파을,4X525582,여
22,서미화,더불어민주당,비례대표,51A45980,여
22,이정헌,더불어민주당,서울 광진갑,5762459L,남
22,김영진,더불어민주당,경기 수원병,5765663F,남
22,김재섭,국민의힘,서울 도봉갑,57B28032,남
22,김승수,국민의힘,대구 북구을,5K93695T,남
22,조경태,국민의힘,부산 사하을,5KV82250,남
22,강준현,더불어민주당,세종 세종을,5KV96424,남
22,홍기원,더불어민주당,경기 평택갑,5MD4184K,남
22,김윤,더불어민주당,비례대표,5N65159P,남
22,박수현,더불어민주당,충남 공주부여청양,5TQ6306B,남
22,진선미,더불어민주당,서울 강동갑,68P7228G,여
22,박주민,더불어민주당,서울 은평갑,6AU2417B,남
22,송언석,국민의힘,경북 김천,6EN68926,남
22,부승찬,더불어민주당,경기 용인병,6I88973D,남
22,이용우,더불어민주당,인천 서구을,6K79158C,남
22,박정하,국민의힘,강원 원주갑,6RD62559,남
22,박형수,국민의힘,경북 의성청송영덕울진,6U243644,남
22,김현정,더불어민주당,경기 평택병,6VC83722,남
22,김태선,더불어민주당,울산 동구,6WK3815W,남
22,구자근,국민의힘,경북 구미갑,7469929V,남
22,김영호,더불어민주당,서울 서대문을,7BM2933Y,남
22,김선민,조국혁신당,비례대표,7GW5372Y,여
22,박범계,더불어민주당,대전 서구을,7R156073,남
22,성일종,국민의힘,충남 서산태안,7XY7109I,남
22,이건태,더불어민주당,경기 부천병,7YC6702R,남
22,김현,더불어민주당,경기 안산을,7YL9580G,여
22,서왕진,조국혁신당,비례대표,80C5885Z,남
22,엄태영,국민의힘,충북 제천단양,8348421R,남
22,김문수,더불어민주당,전남 순천광양곡성구례갑,86R9476S,남
22,김성회,더불어민주당,경기 고양갑,88O1334C,남
22,김준형,조국혁신당,비례대표,8A05621B,남
22,박지원,더불어민주당,전남 해남완도진도,8BF5855P,남
22,어기구,더불어민주당,충남 당진,8FB1535Y,남
22,한민수,더불어민주당,서울 강북을,8JG4358H,남
22,이상휘,국민의힘,경북 포항남울릉,8L52480G,남
22,김영환,더불어민주당,경기 고양정,8O34202I,남
22,강득구,더불어민주당,경기 안양만안,8P37634C,남
22,김병기,더불어민주당,서울 동작갑,8Q88373R,남
22,주호영,국민의힘,대구 수성갑,8SV6917G,남
22,조계원,더불어민주당,전남 여수을,8TU8443O,남
22,우재준,국민의힘,대구 북구갑,8UC4779G,남
22,윤한홍,국민의힘,경남 창원마산회원,8X15119P,남
22,정연욱,국민의힘,부산 수영,8XE7026P,남
22,이광희,더불어민주당,충북 청주서원,95J3282H,남
22,강명구,국민의힘,경북 구미을,9901388T,남
22,김성원,국민의힘,경기 동두천양주연천을,9D939735,남
22,정진욱,더불어민주당,광주 동구남구갑,9HE7226N,남
22,이용선,더불어민주당,서울 양천을,9JF4562W,남
22,김정호,더불어민주당,경남 김해을,9LD2641Q,남
22,윤영석,국민의힘,경남 양산갑,9VR65006,남
22,전재수,더불어민주당,부산 북구갑,9YO73104,남
22,최형두,국민의힘,경남 창원마산합포,A0P4646G,남
22,천준호,더불어민주당,서울 강북구갑,A494529E,남
22,박정훈,국민의힘,서울 송파갑,AEJ19639,남
22,이강일,더불어민주당,충북 청주상당,AEO5706C,남
22,신영대,더불어민주당,전북 군산김제부안갑,AFH96856,남
22,김대식,국민의힘,부산 사상,ANS8383S,남
22,정동영,더불어민주당,전북 전주병,ARP89147,남
22,김승원,더불어민주당,경기 수원갑,ATB59635,남
22,인요한,국민의힘,비례대표,B7789327,남
22,김영배,더불어민주당,서울 성북갑,B7D7534L,남
22,한준호,더불어민주당,경기 고양을,BCQ55105,남
22,정혜경,진보당,비례대표,BNV6535N,여
22,오세희,더불어민주당,비례대표,BRU2690F,여
22,박찬대,더불어민주당,인천 연수갑,BT62420K,남
22,권칠승,더불어민주당,경기 화성병,C7E79345,남
22,백종헌,국민의힘,부산 금정,CAA7713A,남
22,이해식,더불어민주당,서울 강동을,CCU1009B,남
22,정성국,국민의힘,부산 부산진갑,CGW7415Z,남
22,장종태,더불어민주당,대전 서구갑,CIZ8557P,남
22,양부남,더불어민주당,광주 서구을,CK143054,남
22,송석준,국민의힘,경기 이천,CNW5754J,남
22,김예지,국민의힘,비례대표,CNZ51556,여
22,임광현,더불어민주당,비례대표,CST4991F,남
22,김주영,더불어민주당,경기 김포갑,D6U6678O,남
22,문대림,더불어민주당,제주 제주갑,D9I3309M,남
22,이원택,더불어민주당,전북 군산김제부안을,DAV7257X,남
22,정동만,국민의힘,부산 기장,DAY6557K,남
22,김재원,조국혁신당,비례대표,DMP1439I,여
22,이인선,국민의힘,대구 수성을,DWK26447,여
22,김정재,국민의힘,경북 포항북구,E1J8836Y,여
22,박해철,더불어민주당,경기 안산병,E2B3753X,남
22,안도걸,더불어민주당,광주 동구남구을,EB16073M,남
22,이연희,더불어민주당,충북 청주흥덕,EBH1101V,남
22,권향엽,더불어민주당,전남 순천광양곡성구례을,EFU76868,여
22,임이자,국민의힘,경북 상주문경,EH27538E,여
22,박지혜,더불어민주당,경기 의정부갑,EMH4976E,여
22,김용태,국민의힘,경기 포천가평,EPI69383,남
22,이헌승,국민의힘,부산 부산진을,EVH1507C,남
22,임호선,더불어민주당,충북 증평진천음성,FH777496,남
22,곽상언,더불어민주당,서울 종로,FIE6569O,남
22,맹성규,더불어민주당,인천 남동갑,FJK3396E,남
22,서삼석,더불어민주당,전남 영암무안신안,FOK3459D,남
22,허영,더불어민주당,강원 춘천철원화천양구갑,FU53642G,남
22,박수영,국민의힘,부산 남구,FU87526G,남
22,조승래,더불어민주당,대전 유성갑,FYI20317,남
22,추경호,국민의힘,대구 달성,G152611B,남
22,박준태,국민의힘,비례대표,G6W8250J,남
22,권성동,국민의힘,강원 강릉,GDG1847Z,남
22,용혜인,기본소득당,비례대표,GE71932C,여
22,김병주,더불어민주당,경기 남양주을,GF286398,남
22,복기왕,더불어민주당,충남 아산갑,GJ56729D,남
22,주진우,국민의힘,부산 해운대갑,GJK57930,남
22,문정복,더불어민주당,경기 시흥갑,GOC54665,여
22,윤건영,더불어민주당,서울 구로을,GP07421U,남
22,박충권,국민의힘,비례대표,GP21946O,남
22,문금주,더불어민주당,전남 고흥보성장흥강진,GRP3908I,남
22,강민국,국민의힘,경남 진주을,GX22581L,남
22,유동수,더불어민주당,인천 계양갑,GX38539O,남
22,한병도,더불어민주당,전북 익산을,H5476989,남
22,김기웅,국민의힘,대구 중구남구,HE08888N,남
22,이병진,더불어민주당,경기 평택을,HFV52269,남
22,허성무,더불어민주당,경남 창원성산,HHB5652A,남
22,김희정,국민의힘,부산 연제구,HRG9655C,여
22,고동진,국민의힘,서울 강남구병,HS39431V,남
22,백혜련,더불어민주당,경기 수원을,HSS7466Y,여
22,이종배,국민의힘,충북 충주,HSW1214Q,남
22,박정현,더불어민주당,대전 대덕,HVV5250J,여
22,박상혁,더불어민주당,경기 김포을,HXT76735,남
22,최기상,더불어민주당,서울 금천,I5I2468R,남
22,이개호,더불어민주당,전남 담양함평영광장성,I7R13867,남
22,정준호,더불어민주당,광주 북구갑,IC499858,남
22,박성준,더불어민주당,서울 중구성동을,IL74008M,남
22,조정식,더불어민주당,경기 시흥을,IN328264,남
22,이재명,더불어민주당,인천 계양을,IUD9392R,남
22,김남근,더불어민주당,서울 성북을,IUX1829H,남
22,조배숙,국민의힘,비례대표,IWK63872,여
22,박균택,더불어민주당,광주 광산갑,IWR8966I,남
22,모경종,더불어민주당,인천 서구병,J1G57517,남
22,윤준병,더불어민주당,전북 정읍고창,JC14718Q,남
22,김형동,국민의힘,경북 안동예천,JEZ3130Q,남
22,이언주,더불어민주당,경기 용인정,JG77046J,여
22,김선교,국민의힘,경기 여주양평,JNL7001A,남
22,서천호,국민의힘,경남 사천남해하동,JP222486,남
22,한기호,국민의힘,강원 춘천철원화천양구을,JQA21112,남
22,손명수,더불어민주당,경기 용인을,JSA8739I,남
22,유영하,국민의힘,대구 달서갑,JZV5283U,남
22,김윤덕,더불어민주당,전북 전주갑,JZY9937U,남
22,이학영,더불어민주당,경기 군포,K5F2023J,남
22,유용원,국민의힘,비례대표,KBK8836C,남
22,장동혁,국민의힘,충남 보령서천,KFM1081G,남
22,차규근,조국혁신당,비례대표,KNP22261,남
22,강대식,국민의힘,대구 동구군위을,L2I9861C,남
22,김은혜,국민의힘,경기 성남분당을,L5P27909,여
22,서범수,국민의힘,울산 울주,L7J93733,남
22,김위상,국민의힘,비례대표,LCZ1711I,남
22,권영세,국민의힘,서울 용산,LG63087O,남
22,김도읍,국민의힘,부산 강서,LH97552Q,남
22,정점식,국민의힘,경남 통영고성,LJK4960Z,남
22,정일영,더불어민주당,인천 연수을,LT72093S,남
22,권영진,국민의힘,대구 달서병,LYY5513O,남
22,윤호중,더불어민주당,경기 구리,M0A1658U,남
22,김종민,무소속,세종갑,M2Q9024I,남
22,박민규,더불어민주당,서울 관악갑,M4O5221T,남
22,신정훈,더불어민주당,전남 나주화순,M7O7878U,남
22,백승아,더불어민주당,비례대표,MDC3257K,여
22,조승환,국민의힘,부산 중구영도,ME83002L,남
22,김동아,더불어민주당,서울 서대문갑,MIS62075,남
22,김민석,더불어민주당,서울 영등포을,MLH1404S,남
22,강선우,더불어민주당,서울 강서갑,MNZ4401T,여
22,윤종군,더불어민주당,경기 안성,MQK9493H,남
22,조은희,국민의힘,서울 서초갑,MQU41854,여
22,서일준,국민의힘,경남 거제,MR210505,남
22,윤상현,국민의힘,인천 동구미추홀을,MSY7784L,남
22,유상범,국민의힘,강원 홍천횡성영월평창,MU69217P,남
22,이성윤,더불어민주당,전북 전주을,N2P9317N,남
22,김종양,국민의힘,경남 창원의창,N378078V,남
22,박덕흠,국민의힘,충북 보은옥천영동괴산,N4R2421C,남
22,정을호,더불어민주당,비례대표,NA61091D,남
22,김용만,더불어민주당,경기 하남을,NB64509Z,남
22,이종욱,국민의힘,경남 창원진해,NLS46526,남
22,신장식,조국혁신당,비례대표,NPD75153,남
22,강선영,국민의힘,비례대표,NQO7187X,여
22,김한규,더불어민주당,제주 제주을,NUB4941Z,남
22,박성훈,국민의힘,부산 북구을,NX534083,남
22,김남희,더불어민주당,경기 광명을,NXB3178C,여
22,이정문,더불어민주당,충남 천안병,O0I2045I,남
22,민홍철,더불어민주당,경남 김해갑,O6D8329R,남
22,윤후덕,더불어민주당,경기 파주갑,O7R5461J,남
22,김용민,더불어민주당,경기 남양주병,OFE45081,남
22,오기형,더불어민주당,서울 도봉을,OIA3741M,남
22,이만희,국민의힘,경북 영천청도,OSV9142K,남
22,신동욱,국민의힘,서울 서초을,OWD1018N,남
22,김태호,국민의힘,경남 양산을,P0F1530P,남
22,서지영,국민의힘,부산 동래,P7U7800Z,여
22,전종덕,진보당,비례대표,P8A4624C,여
22,정희용,국민의힘,경북 고령성주칠곡,PFG2137X,남
22,안상훈,국민의힘,비례대표,PYA8594I,남
22,강유정,더불어민주당,비례대표,Q129715Y,여
22,한지아,국민의힘,비례대표,Q918403D,여
22,진종오,국민의힘,비례대표,QDU1100U,남
22,서명옥,국민의힘,서울 강남갑,QQ429063,여
22,배준영,국민의힘,인천 중구강화옹진,QQP4727N,남
22,전진숙,더불어민주당,광주 북구을,QUR40502,여
22,이준석,개혁신당,경기 화성을,QWL7778X,남
22,임종득,국민의힘,경북 영주영양봉화,RAJ1024Z,남
22,차지호,더불어민주당,경기 오산,RC885085,남
22,곽규택,국민의힘,부산 서구동구,REG96285,남
22,송재봉,더불어민주당,충북 청주청원,RG972910,남
22,황명선,더불어민주당,충남 논산계룡금산,RJH6314D,남
22,이재관,더불어민주당,충남 천안을,RKS3658I,남
22,신성범,국민의힘,경남 산청함양거창합천,RMC1840P,남
22,이달희,국민의힘,비례대표,ROS6754L,여
22,장경태,더불어민주당,서울 동대문을,RPN2293B,남
22,위성곤,더불어민주당,제주 서귀포,RQQ3807K,남
22,노종면,더불어민주당,인천 부평갑,RUZ25800,남
22,박홍근,더불어민주당,서울 중랑을,S824682L,남
22,이양수,국민의힘,강원 속초인제고성양양,S9U45255,남
22,나경원,국민의힘,서울 동작을,SLW27496,여
22,송기헌,더불어민주당,강원 원주을,SQ36001H,남
22,강경숙,조국혁신당,비례대표,T2T8225E,여
22,조국,조국혁신당,비례대표,T3E4932G,남
22,주철현,더불어민주당,전남 여수갑,T465023H,남
22,한창민,사회민주당,비례대표,T4I4862D,남
22,황정아,더불어민주당,대전 유성을,T6A6557F,여
22,위성락,더불어민주당,비례대표,T9E37304,남
22,김민전,국민의힘,비례대표,TCP9838Y,여
22,전용기,더불어민주당,경기 화성정,TJW93720,남
22,서영교,더불어민주당,서울 중랑갑,TKJ4800F,여
22,김건,국민의힘,비례대표,TQP7167T,남
22,강훈식,더불어민주당,충남 아산을,TRE2429O,남
22,안규백,더불어민주당,서울 동대문갑,TST4507I,남
22,민병덕,더불어민주당,경기 안양동안갑,TZ228122,남
22,이철규,국민의힘,강원 동해태백삼척정선,TZP9391O,남
22,최은석,국민의힘,대구 동구군위갑,UF53617M,남
22,정태호,더불어민주당,서울 관악을,UHB5553T,남
22,최보윤,국민의힘,비례대표,UOS16250,여
22,이재정,더불어민주당,경기 안양동안을,UQ282145,여
22,추미애,더불어민주당,경기 하남갑,URV1689Q,여
22,염태영,더불어민주당,경기 수원무,URX8075K,남
22,이춘석,더불어민주당,전북 익산갑,V2R7430Z,남
22,정성호,더불어민주당,경기 동두천양주연천갑,V429892C,남
22,박상웅,국민의힘,경남 밀양의령함안창녕,VA04150X,남
22,허종식,더불어민주당,인천 동구미추홀갑,VCP96419,남
22,김상욱,국민의힘,울산 남구갑,VDN5593C,남
22,민형배,더불어민주당,광주 광산을,VRY5522V,남
22,박선원,더불어민주당,인천 부평을,VZA76236,남
22,이기헌,더불어민주당,경기 고양병,W3U3344O,남
22,박대출,국민의힘,경남 진주갑,W4X85128,남
22,안태준,더불어민주당,경기 광주을,W8L9421K,남
22,이상식,더불어민주당,경기 용인갑,W8W95421,남
22,고민정,더불어민주당,서울 광진을,WCD5518S,여
22,이주영,개혁신당,비례대표,WI719547,여
22,최수진,국민의힘,비례대표,WJG74792,여
22,조정훈,국민의힘,서울 마포갑,WJL30106,남
22,이소영,더불어민주당,경기 의왕과천,WTR5885Y,여
22,이성권,국민의힘,부산 사하갑,WXJ8352N,남
22,김교흥,더불어민주당,인천 서구갑,X1K3667J,남
22,박성민,국민의힘,울산 중구,X3170462,남
22,임미애,더불어민주당,비례대표,X639721U,여
22,김장겸,국민의힘,비례대표,X7E7893P,남
22,김기현,국민의힘,울산 남구을,X7I4680R,남
22,우원식,무소속,서울 노원갑,XBT9550Q,남
22,안호영,더불어민주당,전북 완주진안무주,XEF29171,남
22,정춘생,조국혁신당,비례대표,XG348314,여
22,한정애,더불어민주당,서울 강서병,XPP2564T,여
22,서영석,더불어민주당,경기 부천갑,XR24352K,남
22,김성환,더불어민주당,서울 노원을,XSP20229,남
22,박수민,국민의힘,서울 강남을,Y0X4618N,남
22,천하람,개혁신당,비례대표,YGB8604T,남
22,김준혁,더불어민주당,경기 수원정,YM42715P,남
22,안철수,국민의힘,경기 성남분당을,YOG1280B,남
22,최민희,더불어민주당,경기 남양주갑,YS38221N,여
22,소병훈,더불어민주당,경기 광주갑,ZDR63255,남
22,조인철,더불어민주당,광주 서구갑,ZKB18611,남
22,윤재옥,국민의힘,대구 달서을,ZRF3039U,남
22,박홍배,더불어민주당,비례대표,ZW43496R,남
22,김석기,국민의힘,경북 경주,ZYP7962W,남
